ASIN,Title,Description,Price,List_price,Image_URL
B07KPK6636,Funko Pop! Games: Overwatch - Moira,"From Overwatch, Moira, as a stylized POP vinyl from Funko! Figure stands 3 3/4 inches and comes in a window display box. Check out the other Overwatch figures from Funko! Collect them all!",$10.99,$25.99,
B07DFDS654,"Funko Pop Disney: Christopher Robin Movie - Eeyore Collectible Figure, Multicolor","From Christopher Robin movie, eeyore, as a stylized pop vinyl from Funko! figure stands 3 3/4 inches and comes in a window display box. Check out the other Christopher Robin movie figures from Funko! collect them all!",$8.95,$10.99,https://images-na.ssl-images-amazon.com/images/I/61KJ%2BamiiWL._SL1441_.jpg
B07MZNS328,Funko POP! Disney: Little Mermaid - Ariel (Purple Dress),"From Little Mermaid, Ariel (Purple Dress), as a stylized POP vinyl from Funko! Figure stands 3 3/4 inches and comes in a window display box. Check out the other Little Mermaid figures from Funko! Collect them all!",$10.99,,
B079PQ7TQS,Funko POP! Marvel: Avengers Infinity War - Captain America,"From Avengers Infinity War, Captain America, as a stylized POP vinyl from Funko! Figure stands 3 3/4 inches and comes in a window display box. Check out the other Avengers Infinity War figures from Funko! Collect them all!",$5.98,$10.99,
B07MZPRP7B,"Funko POP! Disney: Little Mermaid - Ursula 10""","From Little Mermaid, Ursula 10"", as a stylized POP vinyl from Funko! Figure stands 10 inches and comes in a window display box. Check out the other Little Mermaid figures from Funko! Collect them all!",$39.99,,https://images-na.ssl-images-amazon.com/images/I/71pqDhU0dlL._SL1500_.jpg
B00K8UBWJ0,Funko POP Disney: Cogsworth Action Figure,"The Beast's tightly wound butler from Disney's Beauty and the Beast is now a vinyl figure! The Beauty and the Beast Cogs worth Pop! Vinyl Figure measures about 3 3/4-Inch tall. A fun recreation of the butler turned pendulum clock in the classic animated film Beauty and the Beast, this figure makes a great collectible for Disney fans!",$18.89,$34.79,https://images-na.ssl-images-amazon.com/images/I/61WOuGmDQpL._SL1095_.jpg
B0772JDC6G,Funko Pop! Movies: Ready Player One Parzival,"From Ready Player One, Parzival, as a stylized POP vinyl from Funko! Figure stands 3 3/4 inches and comes in a window display box. Check out the other Ready Player One figures from Funko! Collect them all!.",$9.86,$10.99,
B00BV1P4A8,Funko POP Disney Up!:Carl,The old guy from Up as a stylized vinyl figure. This Up Carl Disney Pixar Pop. Vinyl Figure features the main character from the popular Disney Pixar Up movie rendered in the Pop. Vinyl format.,,$11.99,https://images-na.ssl-images-amazon.com/images/I/614mfB9WtnL._SL1000_.jpg
B01NBES182,Funko POP Television: Silicon Valley Gilfoyle Toy Figures,"From Silicon Valley, Gilfoyle, as a stylized POP vinyl from Funko! Figure stands 3 3/4 inches and comes in a window display box. Check out the other Silicon Valley figures from Funko! Collect them all!.",$20.00,,
B071RNKJ4T,Funko Pop Game of Thrones: GOT - Cersei Toy Figure,"From got, cersei, as a stylized pop vinyl from Funko! figure stands 3 3/4 inches and comes in a window display box. Check out the other got figures from Funko! collect them all!",$10.06,$10.06,
