ASIN,Description,Image_URL,List_price,Price,Title
B07MZQTK7T,"From ultimate Fighting Championship, Conor McGregor, as a stylized POP vinyl from Funko! Figure stands 3 3/4 inches and comes in a window display box. Check out the other ultimate Fighting Championship figures from Funko! Collect them all!",https://images-na.ssl-images-amazon.com/images/I/61Ewb3NJxDL._SL1473_.jpg,,$10.99,Funko Pop!: Ultimate Fighting Championship - Conor McGregor
B07B1R2JFM,"From the movie IT, Pennywise with severed arm, as an Amazon exclusive pop! vinyl from Funko! figure stand 3.75 inches tall and comes in a window box display. This figure perfectly captures the menacing and manipulative villain from the biggest horror movie of all time. Perfect for any it or Pennywise fan!",,,$10.99,"Funko Pop! Horror: IT - Pennywise with Severed Arm, Amazon Exclusive Collectible Figure, Multicolor"
B07MZQ36RG,"From Dragon Ball Z , Goku, as a stylized POP vinyl from Funko! Figure stands 3 3/4 inches and comes in a window display box. Check out the other Dragon Ball Z figures from Funko! Collect them all!",,,$10.99,Funko POP! Animation: Dragon Ball Z - Goku
B0797PWW93,"From IT, Georgie with  Boat (styles may vary), as a stylized POP vinyl from Funko! Figure stands 3 3/4 inches and comes in a window display box. Check out the other IT figures from Funko! Collect them all!",https://images-na.ssl-images-amazon.com/images/I/61YbgMzZe7L._SL1309_.jpg,$11.99,$4.33,"Funko POP! Movies: IT Georgie with Boat (Styles May Vary) Collectible Figure, Multicolor"
B017F81DZK,,https://images-na.ssl-images-amazon.com/images/I/71ynK2rLJML._SL1052_.jpg,,$29.99,Selina Kyle: Funko POP! x Gotham Vinyl Figure + 1 FREE Official DC Trading Card Bundle [62507]
B07MZQTHZB,"From Ultimate Fighting Championship, George St. Pierre, as a stylized POP vinyl from Funko! Figure stands 3 3/4 inches and comes in a window display box. Check out the other Ultimate Fighting Championship figures from Funko! Collect them all!",,,$10.99,Funko POP!: Ultimate Fighting Championship - George St. Pierre
B07B2CKFZN,,https://images-na.ssl-images-amazon.com/images/I/71zJ7ZTEsLL._SL1212_.jpg,,$20.99,Funko Marko POP! Comics x Saga Vinyl Figure + 1 Official Comic Book Themed Trading Card Bundle [#007]
B0797MYW9S,"From IT , Pennywise (Spider Legs), as a stylized POP vinyl from Funko! Figure stands 3 3/4 inches and comes in a window display box. Check out the other IT  figures from Funko! Collect them all!",,$10.99,$6.02,"Funko Pop Movies: IT-Pennywise (Spider Legs) Collectible Figure, Multicolor"
B07MZPPVB1,"From Spongebob Squarepants, Patrick with Board, as a stylized POP vinyl from Funko! Figure stands 3 3/4 inches and comes in a window display box. Check out the other Spongebob Squarepants figures from Funko! Collect them all!",,,$10.99,Funko POP! Animation: Spongebob Squarepants - Patrick with Board
B079PQ7TQS,"From Avengers Infinity War, Captain America, as a stylized POP vinyl from Funko! Figure stands 3 3/4 inches and comes in a window display box. Check out the other Avengers Infinity War figures from Funko! Collect them all!",,$10.99,$5.14,Funko POP! Marvel: Avengers Infinity War - Captain America
B07KPRF5JV,"From Batman 80th, 1950 Batmobile, as a stylized POP Ride from Funko! This figure is perfect for any Batman fan!. Check out the other Batman 80th figures from Funko! Collect them all!",,,$31.99,Funko POP! Rides: Batman 80th - 1950 Batmobile
B079M73BYF,Funko Pop! Minecraft - Charged Creeper Exclusive figure,,,$9.73,Funko Pop! Minecraft - Charged Creeper Exclusive figure
B07MZRKWPX,"From office space, bill lumbergh, as a stylized POP vinyl from Funko! Figure stands 3 3/4 inches and comes in a window display box. Check out the other office space figures from Funko! Collect them all!",https://images-na.ssl-images-amazon.com/images/I/61L%2BWEYMX%2BL._SL1300_.jpg,,$10.99,Funko Pop! Movies: Office Space - Bill Lumbergh
B07GT7S5KC,"Funko Pop! Monsters of Wetmore Forest: Mt Shuksan Monsters Set of 4: Grumble, Magnus Twistknot, Liverwort and Mulch",https://images-na.ssl-images-amazon.com/images/I/71N%2BKyxgM3L._SL1500_.jpg,,$42.99,"Funko Pop! Monsters of Wetmore Forest: Mt Shuksan Monsters Set of 4: Grumble, Magnus Twistknot, Liverwort and Mulch"
B07MZQHVRR,"From Lord of the Rings, witch King with fellbeast, stylized as a pop! Ride from Funko! This pop! Ride is perfect for any Lord of the Rings fan! Collect all Lord of the Rings items from Funko!",,,$31.99,Funko Pop! Rides: Lord of The Rings - Witch King with Fellbeast
B07KPHL1YZ,"From Game of Thrones, white walker on horse, stylized as a pop! Ride from Funko! This pop! Ride is perfect for any game of Thrones fan! Collect all game of Thrones items from Funko!",https://images-na.ssl-images-amazon.com/images/I/71YbflqdlpL._SL1500_.jpg,,$31.99,Funko Pop! Rides: Game of Thrones - White Walker On Horse
B07B9JYMVG,,https://images-na.ssl-images-amazon.com/images/I/81krsPYznBL._SL1500_.jpg,,$29.99,Funko Tommy Callahan III POP! Movies x Tommy Boy Vinyl Figure + 1 Classic Movie Trading Card Bundle
B07MZMHX1K,"From ragon Ball Z, Frieza, as a stylized POP vinyl from Funko! Figure stands 3 3/4 inches and comes in a window display box. Check out the other ragon Ball Z figures from Funko! Collect them all!",https://images-na.ssl-images-amazon.com/images/I/6180Xa5Z7bL._SL1359_.jpg,,$10.99,Funko POP! Animation:Dragon Ball Z - Frieza
B07KJHSFLJ,"Wearing his evil smile and infinity gauntlet, POP! Marvel Collectors Box: Thanos in Space T-Shirt is sure to add that edge to your Marvel collectibles. It also comes with a pop tee that features a cool print of Thanos with all the planets around him that he rules. This collector's edition box is also a great gift for any Marvel fan out there. T-Shirt made of 100% cotton.",https://images-na.ssl-images-amazon.com/images/I/61UkKXFJZZL._SL1000_.jpg,,$49.95,Marvel Avengers Infinity War Funko POP Collectors Box: Thanos in Space POP! & Tee (Small)
B07KPHPDM9,"From Persona 5, The Joker (Styles may vary), as a stylized POP vinyl from Funko! Figure stands 3 3/4 inches and comes in a window display box. Check out the other Persona 5 figures from Funko! Collect them all!",,,$10.99,Funko POP! Games: Persona 5 - The Joker (Styles May Vary)
B07MZNS324,"From Batman 80th, Batman (1972), as a stylized POP Comic Moment vinyl from Funko! This figure is perfect for any Batman fan!. Check out the other Batman 80th figures from Funko! Collect them all!",,,$31.99,Funko POP! Comic Moment: Batman 80th - Batman (1972)
B07KPSVBGH,"From Overwatch, bastion 6"", stylized as a 6"" From Funko! This supersized pop! Is perfect for any fan! Collect all Overwatch items from Funko!",,,$20.99,"Funko Pop! Games: Overwatch - Bastion 6"""
